[
  {
    "id": "21a05cac-0ebd-498a-a4e2-47c0177d55a1",
    "data": [
      {
        "text": "hey",
        "userDefined": false
      }
    ],
    "isTemplate": false,
    "count": 0,
    "updated": 1538399118
  },
  {
    "id": "5e31dc87-e204-4520-8441-9799f125607e",
    "data": [
      {
        "text": "there?",
        "userDefined": false
      }
    ],
    "isTemplate": false,
    "count": 0,
    "updated": 1538399118
  },
  {
    "id": "f1feffa7-4f92-44df-8342-8cb860ed4591",
    "data": [
      {
        "text": "heya",
        "userDefined": false
      }
    ],
    "isTemplate": false,
    "count": 0,
    "updated": 1538399118
  },
  {
    "id": "aa6dfae6-6289-4a4b-bbf4-5d35540abdac",
    "data": [
      {
        "text": "hello",
        "userDefined": false
      }
    ],
    "isTemplate": false,
    "count": 0,
    "updated": 1538399118
  },
  {
    "id": "7f2ec88d-7f4e-410c-b5d0-4642674c31af",
    "data": [
      {
        "text": "hi",
        "userDefined": false
      }
    ],
    "isTemplate": false,
    "count": 0,
    "updated": 1538399118
  }
]