[
  {
    "id": "0575afff-fb8c-461d-854c-c1b15c8170b9",
    "data": [
      {
        "text": "I have a query",
        "userDefined": false
      }
    ],
    "isTemplate": false,
    "count": 1,
    "updated": 1537773386
  },
  {
    "id": "78fc5f18-3394-4a5d-aca7-3cc9f62ecc49",
    "data": [
      {
        "text": "I have an issue",
        "userDefined": false
      }
    ],
    "isTemplate": false,
    "count": 0,
    "updated": 1537773386
  },
  {
    "id": "5d934f8e-f492-4c34-868a-745c5eb7b5c7",
    "data": [
      {
        "text": "kommunicate_conversation_started",
        "userDefined": false
      }
    ],
    "isTemplate": false,
    "count": 0,
    "updated": 1537773386
  },
  {
    "id": "af1b3775-46aa-4840-ad4c-c09aabd4e666",
    "data": [
      {
        "text": "answer my questions",
        "userDefined": false
      }
    ],
    "isTemplate": false,
    "count": 0,
    "updated": 1538641810
  },
  {
    "id": "95f6569a-f67f-4990-9a08-38ddfb9e4a01",
    "data": [
      {
        "text": "I need some help",
        "userDefined": false
      }
    ],
    "isTemplate": false,
    "count": 0,
    "updated": 1538399030
  }
]